{
  "project_info": {
    "project_number": "80061533436",
    "project_id": "task4-b4fdf",
    "storage_bucket": "task4-b4fdf.appspot.com"
  },
  "client": [
    {
      "client_info": {
        "mobilesdk_app_id": "1:80061533436:android:9efcc6a143d07a4fbb1b79",
        "android_client_info": {
          "package_name": "com.example.task_4"
        }
      },
      "oauth_client": [
        {
          "client_id": "80061533436-p5ra801snle3eg08ngpl8tme3ksbe58d.apps.googleusercontent.com",
          "client_type": 1,
          "android_info": {
            "package_name": "com.example.task_4",
            "certificate_hash": "6177b7d66a4fac0cc57979bd24176f2ffc1a0880"
          }
        },
        {
          "client_id": "80061533436-7ons0hc545anhl4a76pilhi7tf67s86q.apps.googleusercontent.com",
          "client_type": 3
        }
      ],
      "api_key": [
        {
          "current_key": "AIzaSyCYxafsGJWO5S3FGA43L7W5dNZY_YzEfT8"
        }
      ],
      "services": {
        "appinvite_service": {
          "other_platform_oauth_client": [
            {
              "client_id": "80061533436-7ons0hc545anhl4a76pilhi7tf67s86q.apps.googleusercontent.com",
              "client_type": 3
            }
          ]
        }
      }
    }
  ],
  "configuration_version": "1"
}